date_time,total,completed,complete_rate_%
2017-03-19,295,156,52.900000000000006
2017-03-26,425,206,48.5
2017-04-02,7410,4260,57.49999999999999
2017-04-09,8504,3761,44.2
2017-04-16,6494,3293,50.7
2017-04-23,4081,2070,50.7
2017-04-30,1432,615,42.9
2017-05-07,1542,659,42.699999999999996
2017-05-14,1372,616,44.9
2017-05-21,1186,506,42.699999999999996
2017-05-28,889,384,43.2
2017-06-04,1137,469,41.199999999999996
2017-06-11,1040,422,40.6
2017-06-18,847,348,41.099999999999994
2017-06-25,327,142,43.4
